{
  "id": "rnk-illumination",
  "title": "RNK™ Illumination",
  "description": "Advanced token illumination with custom underglow effects, GM configuration hub, and double-click targeting.",
  "version": "1.1.2",
  "compatibility": {
    "minimum": "11",
    "verified": "13",
    "maximum": "13"
  },
  "authors": [
    {
      "name": "RNK"
    }
  ],
  "esmodules": ["scripts/rnk-illumination.js"],
  "styles": ["styles/rnk-illumination.css"],
  "languages": [
    {
      "lang": "en",
      "name": "English",
      "path": "lang/en.json"
    },
    {
      "lang": "es",
      "name": "Español",
      "path": "lang/es.json"
    },
    {
      "lang": "fr",
      "name": "Français",
      "path": "lang/fr.json"
    },
    {
      "lang": "de",
      "name": "Deutsch",
      "path": "lang/de.json"
    },
    {
      "lang": "it",
      "name": "Italiano",
      "path": "lang/it.json"
    },
    {
      "lang": "pt",
      "name": "Português",
      "path": "lang/pt.json"
    },
    {
      "lang": "ru",
      "name": "Русский",
      "path": "lang/ru.json"
    },
    {
      "lang": "ja",
      "name": "日本語",
      "path": "lang/ja.json"
    },
    {
      "lang": "ko",
      "name": "한국어",
      "path": "lang/ko.json"
    },
    {
      "lang": "ar",
      "name": "العربية",
      "path": "lang/ar.json"
    },
    {
      "lang": "nl",
      "name": "Nederlands",
      "path": "lang/nl.json"
    },
    {
      "lang": "sv",
      "name": "Svenska",
      "path": "lang/sv.json"
    },
    {
      "lang": "pl",
      "name": "Polski",
      "path": "lang/pl.json"
    },
    {
      "lang": "tr",
      "name": "Türkçe",
      "path": "lang/tr.json"
    },
    {
      "lang": "cs",
      "name": "Čeština",
      "path": "lang/cs.json"
    },
    {
      "lang": "da",
      "name": "Dansk",
      "path": "lang/da.json"
    },
    {
      "lang": "fi",
      "name": "Suomi",
      "path": "lang/fi.json"
    },
    {
      "lang": "nb",
      "name": "Norsk Bokmål",
      "path": "lang/nb.json"
    },
    {
      "lang": "hu",
      "name": "Magyar",
      "path": "lang/hu.json"
    },
    {
      "lang": "ro",
      "name": "Română",
      "path": "lang/ro.json"
    },
    {
      "lang": "el",
      "name": "Ελληνικά",
      "path": "lang/el.json"
    },
    {
      "lang": "he",
      "name": "עברית",
      "path": "lang/he.json"
    },
    {
      "lang": "th",
      "name": "ไทย",
      "path": "lang/th.json"
    },
    {
      "lang": "uk",
      "name": "Українська",
      "path": "lang/uk.json"
    },
    {
      "lang": "sk",
      "name": "Slovenčina",
      "path": "lang/sk.json"
    },
    {
      "lang": "hr",
      "name": "Hrvatski",
      "path": "lang/hr.json"
    },
    {
      "lang": "sl",
      "name": "Slovenščina",
      "path": "lang/sl.json"
    },
    {
      "lang": "bg",
      "name": "Български",
      "path": "lang/bg.json"
    },
    {
      "lang": "sr",
      "name": "Српски",
      "path": "lang/sr.json"
    },
    {
      "lang": "et",
      "name": "Eesti",
      "path": "lang/et.json"
    },
    {
      "lang": "lv",
      "name": "Latviešu",
      "path": "lang/lv.json"
    },
    {
      "lang": "lt",
      "name": "Lietuvių",
      "path": "lang/lt.json"
    },
    {
      "lang": "is",
      "name": "Íslenska",
      "path": "lang/is.json"
    },
    {
      "lang": "mt",
      "name": "Malti",
      "path": "lang/mt.json"
    },
    {
      "lang": "mk",
      "name": "Македонски",
      "path": "lang/mk.json"
    },
    {
      "lang": "sq",
      "name": "Shqip",
      "path": "lang/sq.json"
    },
    {
      "lang": "bs",
      "name": "Bosanski",
      "path": "lang/bs.json"
    },
    {
      "lang": "ka",
      "name": "ქართული",
      "path": "lang/ka.json"
    },
    {
      "lang": "hy",
      "name": "Հայերեն",
      "path": "lang/hy.json"
    },
    {
      "lang": "az",
      "name": "Azərbaycan dili",
      "path": "lang/az.json"
    },
    {
      "lang": "be",
      "name": "Беларуская",
      "path": "lang/be.json"
    },
    {
      "lang": "kk",
      "name": "Қазақ тілі",
      "path": "lang/kk.json"
    },
    {
      "lang": "ky",
      "name": "Кыргызча",
      "path": "lang/ky.json"
    },
    {
      "lang": "mn",
      "name": "Монгол",
      "path": "lang/mn.json"
    },
    {
      "lang": "tg",
      "name": "Тоҷикӣ",
      "path": "lang/tg.json"
    },
    {
      "lang": "tk",
      "name": "Türkmençe",
      "path": "lang/tk.json"
    },
    {
      "lang": "uz",
      "name": "O'zbekcha",
      "path": "lang/uz.json"
    },
    {
      "lang": "vi",
      "name": "Tiếng Việt",
      "path": "lang/vi.json"
    },
    {
      "lang": "si",
      "name": "සිංහල",
      "path": "lang/si.json"
    },
    {
      "lang": "ne",
      "name": "नेपाली",
      "path": "lang/ne.json"
    },
    {
      "lang": "ps",
      "name": "پښتو",
      "path": "lang/ps.json"
    },
    {
      "lang": "ur",
      "name": "اردو",
      "path": "lang/ur.json"
    },
    {
      "lang": "am",
      "name": "አማርኛ",
      "path": "lang/am.json"
    },
    {
      "lang": "zu",
      "name": "isiZulu",
      "path": "lang/zu.json"
    },
    {
      "lang": "sw",
      "name": "Kiswahili",
      "path": "lang/sw.json"
    },
    {
      "lang": "af",
      "name": "Afrikaans",
      "path": "lang/af.json"
    },
    {
      "lang": "lb",
      "name": "Lëtzebuergesch",
      "path": "lang/lb.json"
    },
    {
      "lang": "ga",
      "name": "Gaeilge",
      "path": "lang/ga.json"
    },
    {
      "lang": "gd",
      "name": "Gàidhlig",
      "path": "lang/gd.json"
    },
    {
      "lang": "cy",
      "name": "Cymraeg",
      "path": "lang/cy.json"
    },
    {
      "lang": "eu",
      "name": "Euskara",
      "path": "lang/eu.json"
    },
    {
      "lang": "ca",
      "name": "Català",
      "path": "lang/ca.json"
    },
    {
      "lang": "gl",
      "name": "Galego",
      "path": "lang/gl.json"
    }
  ],
  "url": "https://github.com/RNK-Enterprise/rnk-illumination",
  "manifest": "https://raw.githubusercontent.com/RNK-Enterprise/rnk-illumination/master/module.json",
  "download": "https://github.com/RNK-Enterprise/rnk-illumination/releases/download/v1.1.2/rnk-illumination-1.1.2.zip",
  "license": "MIT"
}