{
  "id": "rnk-illumination",
  "title": "RNK™ Illumination",
  "description": "Advanced token illumination with custom underglow effects, GM configuration hub, and double-click targeting.",
  "version": "1.2.18",
  "compatibility": {
    "minimum": "11",
    "verified": "13"
  },
  "authors": [
    {
      "name": "RNK"
    }
  ],
  "esmodules": ["scripts/rnk-illumination.js"],
  "styles": ["styles/rnk-illumination.css"],
  "manifest": "https://raw.githubusercontent.com/RNK-Enterprise/rnk-illumination/main/module.json",
  "download": "https://github.com/RNK-Enterprise/rnk-illumination/releases/download/v1.2.18/rnk-illumination-1.2.18.zip",
  "languages": [
    {
      "lang": "en",
      "name": "English",
      "path": "lang/en.json"
    }
  ],
  "url": "https://github.com/RNK-Enterprise/rnk-illumination",
  "license": "MIT"
}