{
  "title": "RNK™ Illumination",
  "id": "rnk-illumination",
  "description": "Advanced token illumination with custom underglow effects, GM configuration hub, and double-click targeting.",
  "version": "2.5.1",
  "esmodules": [
    "scripts/rnk-illumination.js"
  ],
  "styles": [
    "styles/rnk-illumination.css"
  ],
  "authors": [
    {
      "name": "RNK™ Enterprise",
      "email": "asgardinnovations@protonmail.com"
    }
  ],
  "compatibility": {
    "minimum": 11,
    "verified": 13
  },
  "url": "https://github.com/RNK-Enterprise/rnk-illumination",
  "manifest": "https://raw.githubusercontent.com/RNK-Enterprise/rnk-illumination/main/module.json",
  "download": "https://github.com/RNK-Enterprise/rnk-illumination/releases/download/2.5.1/rnk-illumination-2.5.1.zip",
  "bugs": "https://github.com/RNK-Enterprise/rnk-illumination/issues",
  "readme": "https://github.com/RNK-Enterprise/rnk-illumination/blob/main/README.md",
  "license": "https://github.com/RNK-Enterprise/rnk-illumination/blob/main/LICENSE",
  "protected": false
}
