{
  "id": "rnk-illumination",
  "title": "RNK™ Illumination",
  "description": "Advanced token illumination with custom underglow effects, GM configuration hub, and double-click targeting.",
  "version": "2.4.1",
  "compatibility": {
    "minimum": "11",
    "verified": "13"
  },
  "authors": [
    {
      "name": "Asgard Innovations"
    }
  ],
  "esmodules": ["scripts/rnk-illumination.js"],
  "styles": ["styles/rnk-illumination.css"],
  "languages": [
    {
      "lang": "en",
      "name": "English",
      "path": "lang/en.json"
    }
  ],
  "url": "https://github.com/RNK-Enterprise/rnk-illumination",
  "manifest": "https://raw.githubusercontent.com/RNK-Enterprise/rnk-illumination/main/module.json",
  "download": "https://github.com/RNK-Enterprise/rnk-illumination/releases/download/v2.4.0/rnk-illumination-2.4.0.zip",
  "readme": "https://raw.githubusercontent.com/RNK-Enterprise/rnk-illumination/main/README.md",
  "license": "MIT",
  "protected": false
}